epoch,accuracy,learning_rate,loss,val_accuracy,val_loss
0,0.6552203297615051,9.999999747378752e-05,1.2139242887496948,0.8657586574554443,0.4454902112483978
1,0.8022989630699158,9.999999747378752e-05,0.62801194190979,0.8906681537628174,0.35115429759025574
2,0.829110324382782,9.999999747378752e-05,0.5264632105827332,0.9004846811294556,0.31052300333976746
3,0.8458923697471619,9.999999747378752e-05,0.47779250144958496,0.90971839427948,0.2826656699180603
4,0.852698802947998,9.999999747378752e-05,0.44931352138519287,0.9126633405685425,0.26966047286987305
5,0.8598505258560181,9.999999747378752e-05,0.4283573627471924,0.9171728491783142,0.2579731047153473
6,0.8656517267227173,9.999999747378752e-05,0.4100976288318634,0.9179090857505798,0.2554076313972473
7,0.8695728778839111,9.999999747378752e-05,0.3967916965484619,0.9205472469329834,0.24438269436359406
8,0.8728801608085632,9.999999747378752e-05,0.38433003425598145,0.9242591857910156,0.23540648818016052
9,0.8735861778259277,9.999999747378752e-05,0.3795119822025299,0.9247193336486816,0.23300212621688843
